{"count":1,"self":1901.5493632,"total":3540.6768743999996,"children":{"InitializeActuators":{"count":2,"self":0.0009981,"total":0.0009981,"children":null},"InitializeSensors":{"count":2,"self":0.000997,"total":0.000997,"children":null},"AgentSendState":{"count":1100001,"self":1.6084033,"total":10.331984,"children":{"CollectObservations":{"count":440002,"self":0.1985218,"total":0.1985218,"children":null},"WriteActionMask":{"count":440002,"self":1.0702146,"total":1.0702146,"children":null},"RequestDecision":{"count":440002,"self":0.52138929999999994,"total":7.4548442999999995,"children":{"AgentInfo.ToProto":{"count":440002,"self":1.3928464999999999,"total":6.9334549999999995,"children":{"GenerateSensorData":{"count":440002,"self":5.5406084,"total":5.5406084999999994,"children":null}}}}}}},"DecideAction":{"count":1100001,"self":1626.7530239999999,"total":1626.7529886999998,"children":null},"AgentAct":{"count":1100001,"self":1.2944002,"total":2.0385595,"children":{"AgentInfo.ToProto":{"count":53344,"self":0.1516721,"total":0.7441593,"children":{"GenerateSensorData":{"count":53344,"self":0.5924872,"total":0.5924872,"children":null}}}}}},"gauges":{"O_Behavior.CumulativeReward":{"count":26672,"max":0.98,"min":-1.04,"runningAverage":0.288945436,"value":0.46,"weightedAverage":0.460000038},"X_Behavior.CumulativeReward":{"count":26672,"max":0.98,"min":-1.04,"runningAverage":0.0112756779,"value":0.46,"weightedAverage":0.459999979}},"metadata":{"timer_format_version":"0.1.0","start_time_seconds":"1647574726","unity_version":"2020.3.25f1","command_line_arguments":"C:\\Develop\\DQNTicTacToe\\New Unity Project\\DQN_Build\\.\/TTT.exe -nographics -batchmode --mlagents-port 5005","communication_protocol_version":"1.5.0","com.unity.ml-agents_version":"2.2.1-exp.1","scene_name":"TicTacToe","end_time_seconds":"1647578267"}}